{
    "train_loss": [
        1.2640207418358476,
        0.78081145994166,
        0.6139148708014565,
        0.5146910760438803,
        0.4419237593066034,
        0.3931473943267064,
        0.35608323744486575,
        0.3254244191283211,
        0.2966233963103643,
        0.2734779398655934,
        0.2540018157618462,
        0.23794800909020258,
        0.22411165851269602,
        0.20473132191189364,
        0.19295975804302357,
        0.17762259413519751,
        0.16495342984954942,
        0.16351635310526624,
        0.14603819495229692
    ],
    "val_loss": [
        0.8657527026108333,
        0.6774591309683663,
        0.5432366215756961,
        0.6028246227332524,
        0.6895273943138974,
        0.4191578886870827,
        0.4423515039363078,
        0.4627384313515254,
        0.31538740699844703,
        0.5382169000485114,
        0.501179440766573,
        0.33391354729820577,
        0.3354822245878833,
        0.35059179725391526,
        0.33493066639772484,
        0.3503616649551051,
        0.6906734725832939,
        0.33933777553162403,
        0.4332998643549425
    ],
    "train_acc": [
        0.6057005800981704,
        0.7601517179830433,
        0.8178826416778224,
        0.8461066488174922,
        0.8652945113788487,
        0.8797411869701026,
        0.8895024542614904,
        0.9000446229361893,
        0.9088018741633199,
        0.9171128960285587,
        0.9236390004462294,
        0.9263163766175815,
        0.9311691209281571,
        0.9365796519410977,
        0.9400379294957608,
        0.947400713966979,
        0.9497991967871486,
        0.9498549754573851,
        0.9556559571619813
    ],
    "val_acc": [
        0.7121374865735768,
        0.7733619763694952,
        0.8227712137486574,
        0.7857142857142857,
        0.7561761546723953,
        0.8505191550304332,
        0.8494450411743645,
        0.8462226996061583,
        0.8915145005370569,
        0.8089867525957751,
        0.8211600429645542,
        0.8818474758324383,
        0.8752237737200144,
        0.8732545649838883,
        0.8900823487289653,
        0.8800572860723237,
        0.7527747941281776,
        0.8770139634801289,
        0.8474758324382384
    ]
}