{
    "train_loss": [
        1.3358941667857656,
        0.7743034736251662,
        0.6077758568918429,
        0.5188782425487742,
        0.4557199394479792,
        0.4147412760213097,
        0.3852111205936753,
        0.3597349941385196,
        0.3373775640884398,
        0.32320879316770884,
        0.307294156023844,
        0.29524252792146327,
        0.28384124066634187,
        0.27613620048325754,
        0.2657517404320406,
        0.2566896449515526,
        0.24764094661768532,
        0.24359367882796362,
        0.23636212648820537,
        0.22757509218631794,
        0.21914816773272452,
        0.21373707386739751,
        0.21047521316165804,
        0.20077105493362787,
        0.19634922786404954,
        0.19453252632164275,
        0.18991893872871013,
        0.18453509061067713,
        0.1806370671672511,
        0.17678146345504359
    ],
    "val_loss": [
        0.8997208942685808,
        0.6362650741849627,
        0.5264406397087233,
        0.4235238048860005,
        0.37454156087977547,
        0.4489726792914527,
        0.3717143970195736,
        0.3354560184159449,
        0.3201699233693736,
        0.3164129561930895,
        0.3084346544849021,
        0.3389500205857413,
        0.27605172997606653,
        0.283393977571811,
        0.277600857679333,
        0.27591097804584674,
        0.27014893322650874,
        0.3387176796660892,
        0.26624403705022165,
        0.26157804047954936,
        0.2604852064193359,
        0.2591144113588546,
        0.26169099476454516,
        0.3193774776480028,
        0.25832201368308494,
        0.2558263245517654,
        0.2996992017754487,
        0.26209395885866665,
        0.27760590071656877,
        0.2720355993562511
    ],
    "train_acc": [
        0.587070504239179,
        0.7727576974564926,
        0.8138107987505578,
        0.8433177153056671,
        0.8611111111111112,
        0.8741075412762159,
        0.8795180722891566,
        0.8868250780901383,
        0.89301651048639,
        0.8964747880410531,
        0.9013275323516288,
        0.9059571619812584,
        0.9077420794288265,
        0.908578759482374,
        0.9114234716644355,
        0.9151606425702812,
        0.9181169120928158,
        0.9181726907630522,
        0.9193998215082553,
        0.9246430165104864,
        0.9274319500223115,
        0.9273203926818384,
        0.9273203926818384,
        0.930611334225792,
        0.9339022757697456,
        0.9348505131637662,
        0.9349062918340026,
        0.9382530120481928,
        0.9390896921017403,
        0.9388665774207943
    ],
    "val_acc": [
        0.7108843537414966,
        0.7778374507697816,
        0.8319011815252417,
        0.8610812746151092,
        0.8689581095596133,
        0.8447905477980666,
        0.8712853562477623,
        0.8775510204081632,
        0.8866809881847476,
        0.8881131399928393,
        0.8906194056569996,
        0.8791621911922664,
        0.9004654493376298,
        0.9013605442176871,
        0.9078052273540995,
        0.9022556390977443,
        0.9004654493376298,
        0.8745076978159685,
        0.9088793412101682,
        0.9033297529538131,
        0.9038668098818474,
        0.9104905119942714,
        0.9051199427139277,
        0.8843537414965986,
        0.9104905119942714,
        0.907626208378088,
        0.8988542785535266,
        0.9042248478338704,
        0.9049409237379162,
        0.9047619047619048
    ]
}