{
    "train_loss": [
        1.744756221558746,
        1.2593981589650514,
        1.0313592455391365,
        0.9054169294668392,
        0.8222422884003576,
        0.7637414751630841,
        0.7154326472902893,
        0.6805812260152609,
        0.6471710302294257,
        0.6176393662650742,
        0.5882908049539236,
        0.5663924874628291,
        0.5533196732215915,
        0.5329343958918848,
        0.5194252316380142,
        0.5058362883201895,
        0.4856928825750283,
        0.47592397947893633,
        0.46447339813339517,
        0.45635343339035217,
        0.4395706111203328,
        0.43159780049706525,
        0.420455511320721,
        0.4154702329911863,
        0.4049505139310942,
        0.3977703259537352,
        0.39126457635200385,
        0.3916716215444759,
        0.38073031919047157,
        0.37355151023456756
    ],
    "val_loss": [
        1.3959275426183428,
        1.070591583592551,
        0.9242161677564893,
        0.8223570367268154,
        0.8115908113547734,
        0.6821232243095126,
        0.6601407656499317,
        0.6454053100092071,
        0.5933228310091155,
        0.5535982384426253,
        0.5590178489685058,
        0.5636775501498155,
        0.5466257555569921,
        0.5320523322054318,
        0.6704603565590722,
        0.5344991361243384,
        0.5502138426474162,
        0.5438158551284246,
        0.6065833517057555,
        0.43263821657214846,
        0.7277949434518814,
        0.4075265148282051,
        0.5225935187084334,
        0.49993615399513924,
        0.4277873068409307,
        0.7925093928405217,
        0.4967919584257262,
        0.4808515111250537,
        0.3865289805190904,
        0.43566180969987595
    ],
    "train_acc": [
        0.4405957161981258,
        0.609326193663543,
        0.6847389558232931,
        0.7201026327532352,
        0.7449799196787149,
        0.7594823739402052,
        0.7793953592146363,
        0.7883199464524766,
        0.8007585899152164,
        0.8087349397590361,
        0.8221775992860331,
        0.8268630075858991,
        0.8276996876394467,
        0.8371262829094155,
        0.8404730031236055,
        0.8463297634984382,
        0.8526327532351629,
        0.8554774654172245,
        0.856091030789826,
        0.8601070950468541,
        0.8657965194109772,
        0.8675814368585453,
        0.8717090584560464,
        0.8718206157965194,
        0.8753904506916556,
        0.8778447121820616,
        0.8779562695225346,
        0.8784582775546631,
        0.8811914323962516,
        0.8859883980365908
    ],
    "val_acc": [
        0.5544217687074829,
        0.664876476906552,
        0.6962047977085571,
        0.7422126745435016,
        0.7230576441102757,
        0.77640529896169,
        0.7715717866093806,
        0.773720014321518,
        0.7946652345148586,
        0.8114930182599356,
        0.8170426065162907,
        0.8080916577157179,
        0.8145363408521303,
        0.826530612244898,
        0.765843179377014,
        0.8150733977801647,
        0.8113139992839241,
        0.8107769423558897,
        0.7864303616183316,
        0.8609022556390977,
        0.7382742570712496,
        0.8587540279269602,
        0.8191908342284282,
        0.8301109917651271,
        0.8528464017185822,
        0.74078052273541,
        0.8331543143573219,
        0.8383458646616542,
        0.8694951664876477,
        0.8517722878625135
    ]
}