{
    "train_loss": [
        1.4431291276758367,
        0.9546339442279462,
        0.7725352159370925,
        0.6624013559491027,
        0.5864025670470614,
        0.5278954682290661,
        0.4827759716121908,
        0.44939159268576406,
        0.4155323568353041,
        0.3896745542419573,
        0.36793959733105386,
        0.34493964383255776,
        0.3304305010593086,
        0.31208377076502153,
        0.3037155277216923,
        0.2891733000941455,
        0.27520069219636834,
        0.2605712967999479,
        0.25279278390494686,
        0.240899906279569,
        0.23021582581780173,
        0.22796977606208566,
        0.21371679482134906,
        0.20556879205605988,
        0.20141106072992565,
        0.19485862362538856,
        0.18168015438073884
    ],
    "val_loss": [
        1.0485478864397322,
        1.0139828860759734,
        0.8139804600817817,
        0.8654752927592823,
        0.5567039674520493,
        0.5307797421727861,
        0.45867810138634274,
        0.48259326585701534,
        0.5017102234065532,
        0.8402778603349413,
        0.5487350342103413,
        0.43432548194059306,
        0.5340131633622306,
        0.39512599212782723,
        0.4229504193578448,
        0.4445459009281227,
        0.3565022432271923,
        0.42879942800317494,
        0.4360591581995998,
        0.3350116227354322,
        0.4316925424124513,
        0.340716165847012,
        0.37089909177805697,
        0.4681050975407873,
        0.5159705283599241,
        0.3372296920631613,
        0.3501878941591297
    ],
    "train_acc": [
        0.5453480589022758,
        0.7082775546630968,
        0.7608768406961178,
        0.7995872378402499,
        0.8274207942882642,
        0.841421240517626,
        0.8558679161088799,
        0.8662985274431058,
        0.8762829094154395,
        0.8844265952699688,
        0.8912873717090585,
        0.8982597054886211,
        0.9002119589468988,
        0.9064033913431504,
        0.9089692101740294,
        0.9151048639000446,
        0.9162762159750112,
        0.9205711735832218,
        0.9245314591700133,
        0.9278224007139669,
        0.9299977688531905,
        0.9287706381079875,
        0.9365238732708612,
        0.9378067826863008,
        0.9390339134315038,
        0.9410419455600179,
        0.947735385988398
    ],
    "val_acc": [
        0.701217329036878,
        0.648406731113498,
        0.7049767275331185,
        0.700859291084855,
        0.8277837450769782,
        0.8263515932688865,
        0.8408521303258145,
        0.8333333333333334,
        0.8329752953813104,
        0.6913712853562478,
        0.8000358037952023,
        0.8467597565341927,
        0.8168635875402793,
        0.8691371285356247,
        0.8591120658789831,
        0.8394199785177229,
        0.8872180451127819,
        0.8576799140708915,
        0.8415682062298604,
        0.8807733619763695,
        0.8537414965986394,
        0.8798782670963122,
        0.8612602935911207,
        0.8247404224847834,
        0.8154314357321876,
        0.8856068743286788,
        0.8827425707124955
    ]
}