{
    "train_loss": [
        1.361710966908358,
        0.8537777654839922,
        0.677614165021774,
        0.5855289547838629,
        0.5147528612252438,
        0.4745981941354891,
        0.4312568591930862,
        0.39526381427272755,
        0.36480392153090974,
        0.3487925265190223,
        0.31071683876681244,
        0.2923490317561622,
        0.2820118956546733,
        0.2573704306175683,
        0.25017247924086455,
        0.23066323685481374,
        0.22050084995766586,
        0.20278195010202665,
        0.2011744362400071,
        0.18596902262558912,
        0.17420596978004604,
        0.16754657427204273,
        0.15880197962271234,
        0.16557816435448466,
        0.13783954438851373,
        0.14128321939797112,
        0.13825212391143177,
        0.11936005847545178,
        0.13098584798724122,
        0.13053155804398253
    ],
    "val_loss": [
        1.272090484585081,
        0.674838729926518,
        0.7927334812709264,
        0.4772128467900412,
        0.443362572863698,
        0.6968435384971755,
        0.41678062562431606,
        0.3787100220790931,
        0.36493632234632967,
        0.34911650802407945,
        0.5319869879846062,
        0.378943407567484,
        0.3705832449985402,
        0.4143622883196388,
        0.3285392988553005,
        0.3057313685558204,
        0.41548526753804516,
        0.5962317138910294,
        0.34316173188122256,
        0.4990433900484017,
        0.3289506576662617,
        0.5654440898661103,
        0.398769642497812,
        0.3208336938343876,
        0.2733069905066597,
        0.6183886521238102,
        0.3759994835552892,
        0.32168155552952415,
        0.3474478296336851,
        0.2825315539239507
    ],
    "train_acc": [
        0.5310687193217314,
        0.714524765729585,
        0.7692436412315931,
        0.7993083444890674,
        0.8200022311468095,
        0.836624274877287,
        0.8502900490852298,
        0.8614457831325302,
        0.8707050423917894,
        0.8783467202141901,
        0.8895024542614904,
        0.8945783132530121,
        0.8980365908076752,
        0.907909415439536,
        0.9101963409192325,
        0.9171128960285587,
        0.9221329763498438,
        0.9272088353413654,
        0.9281012940651495,
        0.9316711289602856,
        0.9376394466755913,
        0.9396474788041053,
        0.9438308790718429,
        0.9410419455600179,
        0.9517514502454262,
        0.9466755912539045,
        0.9504127621597501,
        0.9568830879071842,
        0.9521419009370816,
        0.9528670236501562
    ],
    "val_acc": [
        0.5397422126745435,
        0.7497314715359829,
        0.72359470103831,
        0.834765485141425,
        0.8390619405656999,
        0.7332617257429288,
        0.8456856426781239,
        0.8526673827425707,
        0.8698532044396706,
        0.86609380594343,
        0.8122090941639813,
        0.868063014679556,
        0.8669889008234873,
        0.8600071607590405,
        0.8857858933046903,
        0.8861439312567132,
        0.8614393125671321,
        0.8216970998925887,
        0.8863229502327247,
        0.8503401360544217,
        0.8907984246330111,
        0.807733619763695,
        0.8626924453992123,
        0.8963480128893663,
        0.9108485499462943,
        0.8508771929824561,
        0.878625134264232,
        0.889187253848908,
        0.8863229502327247,
        0.9083422842821339
    ]
}