{
    "train_loss": [
        1.6213817449814496,
        1.0827663597151131,
        0.8872942573883954,
        0.7676018840382656,
        0.6915099680317489,
        0.6345357849742427,
        0.5887604597524313,
        0.5500112722317377,
        0.516657181469302,
        0.48771981685131843,
        0.45988542935852483,
        0.4381908117502981,
        0.4166098663885538,
        0.39675708298377177,
        0.38828634482654023,
        0.3674283198839628,
        0.35306876057131403,
        0.3380953234466002,
        0.3309554377713518,
        0.31980048822581025,
        0.30559433154668825,
        0.2989498206319656,
        0.2882277750528007,
        0.28003792508560066,
        0.2696633814384168,
        0.2659787877384779,
        0.25608648738280976,
        0.25086738433483025,
        0.24176521552145588,
        0.23361933478378358
    ],
    "val_loss": [
        1.2203182026318142,
        0.9435306545666285,
        0.8077995806080954,
        0.7142092088290624,
        0.7284799879789352,
        0.5622001452956881,
        0.581029085304056,
        0.6118759432860783,
        0.6102656236716679,
        0.46168353131839207,
        0.49181973521198546,
        0.4254842163835253,
        0.4351048192807606,
        0.42608176946640014,
        0.41916757609163013,
        0.3918329816843782,
        0.42231784855680804,
        0.36690529972314834,
        0.3880151556645121,
        0.38500611386128836,
        0.347930985731738,
        0.36430266075900625,
        0.3835794122197798,
        0.568713156070028,
        0.405348999319332,
        0.37016054952783245,
        0.304842466201101,
        0.39072833653007233,
        0.3394594627299479,
        0.32158350284610476
    ],
    "train_acc": [
        0.48254127621597503,
        0.6697344935296743,
        0.7272980812137438,
        0.769466755912539,
        0.7895470771976796,
        0.8063364569388666,
        0.821954484605087,
        0.836624274877287,
        0.8429830432842481,
        0.8577086122266845,
        0.8622266845158412,
        0.8699799196787149,
        0.877565818830879,
        0.8839245872378403,
        0.8822512271307452,
        0.8930722891566265,
        0.8967536813922357,
        0.9011044176706827,
        0.9024431057563588,
        0.9052878179384204,
        0.9088018741633199,
        0.9113676929941991,
        0.9146028558679161,
        0.9186189201249442,
        0.9193998215082553,
        0.9198460508701473,
        0.9251450245426149,
        0.9257585899152164,
        0.9267626059794735,
        0.9296073181615351
    ],
    "val_acc": [
        0.6654135338345865,
        0.6983530254206946,
        0.7389903329752954,
        0.7817758682420336,
        0.746688148943788,
        0.8206229860365198,
        0.790905836018618,
        0.7986036519871106,
        0.7839240959541711,
        0.8408521303258145,
        0.8338703902613677,
        0.8582169709989259,
        0.8621553884711779,
        0.8553526673827425,
        0.8582169709989259,
        0.8644826351593269,
        0.8546365914786967,
        0.8728965270318654,
        0.8714643752237737,
        0.8700322234156821,
        0.8714643752237737,
        0.8748657357679914,
        0.8714643752237737,
        0.8091657715717866,
        0.8553526673827425,
        0.8694951664876477,
        0.8976011457214464,
        0.8678839957035446,
        0.8804153240243466,
        0.8907984246330111
    ]
}